{
  "latency_p50": 0.00685291468180143,
  "latency_p90": 0.0072221102090982295,
  "latency_p95": 0.007243251825983708,
  "latency_p99": 0.007272743106621963,
  "latency_p999": 0.007276284389427076,
  "throughput": 576.7725678913174,
  "rue": 2.3948473265586374,
  "eei": 0.31923076923076926,
  "fpp": 0.16054908494854686,
  "mis": 9.232553880260541,
  "tlvr": 0.0
}