{
  "latency_p50": 0.006930403755261347,
  "latency_p90": 0.007303857481021147,
  "latency_p95": 0.007364496486003582,
  "latency_p99": 0.007377823687654276,
  "latency_p999": 0.007381741193276185,
  "throughput": 575.2771247878657,
  "rue": 2.386604547385161,
  "eei": 0.9282051282051282,
  "fpp": 0.06066794138824525,
  "mis": 19.050620968143146,
  "tlvr": 0.0
}