{
  "latency_p50": 0.006780806147135221,
  "latency_p90": 0.007149013984661836,
  "latency_p95": 0.007168035813249074,
  "latency_p99": 0.007189284637937179,
  "latency_p999": 0.007200822176745304,
  "throughput": 418.2299062011595,
  "rue": 1.7312925551472893,
  "eei": 0.4399285009861933,
  "fpp": 0.1516739633447162,
  "mis": 8.552186400386004,
  "tlvr": 0.0
}