{
  "latency_p50": 0.02139388237617634,
  "latency_p90": 0.024131572844364024,
  "latency_p95": 0.02446928206174462,
  "latency_p99": 0.024714721607985317,
  "latency_p999": 0.024773508716291852,
  "throughput": 511.0275468908717,
  "rue": 5.126288019623963,
  "eei": 0.9503401360544217,
  "fpp": 0.1445114348577319,
  "mis": 32.76019503875654,
  "tlvr": 0.0
}