{
  "latency_p50": 0.006715403399467468,
  "latency_p90": 0.0070375514073371895,
  "latency_p95": 0.007111455321073532,
  "latency_p99": 0.007124106704807282,
  "latency_p999": 0.007127677863364219,
  "throughput": 712.1339950325025,
  "rue": 2.867830905003945,
  "eei": 0.05803230103230103,
  "fpp": 0.1767625162749535,
  "mis": 8.26630325627327,
  "tlvr": 0.0
}