{
  "rue_cluster": 7.246215424251563,
  "tlvr_cluster": 0.5979020979020978,
  "eei": 0.7659380692167579,
  "fpp": 0.1958796289424717,
  "mis": 35401.772729147095,
  "system_throughput_msgs_per_sec": 774.4062502817654,
  "msg_in_rate_total": 759.9469448584204,
  "msg_out_rate_total": 3.4056631892697466,
  "bytes_in_rate_total": 584448.3147540984,
  "bytes_out_rate_total": 952.3755588673622,
  "clearing_cycles_rate": 0.484053651266766,
  "checkpoint_cpu_cluster": 56.69163823751273,
  "checkpoint_memory_cluster": 0.09687000630459817,
  "checkpoint_network_cluster": 8.427430574446742,
  "throughput_tenant_fraud_in": 771.553925234687,
  "throughput_tenant_fraud_out": 0.9507750156927751,
  "throughput_tenant_fraud_total": 772.5047002503798,
  "latency_tenant_fraud_p50_ms": 7374376.798295975,
  "latency_tenant_fraud_p90_ms": 7377154.368953705,
  "latency_tenant_fraud_p95_ms": 7377517.0166015625,
  "latency_tenant_fraud_p99_ms": 7377769.806352615,
  "latency_tenant_fraud_p999_ms": 7377827.648896408,
  "migration_tenant_fraud_downtime_sec": 0.0011097908020019532,
  "migration_tenant_fraud_transfer_sec": 0.0010362625122070312,
  "migration_tenant_fraud_downtime_total_sec": 0.025872230529785156,
  "migration_tenant_fraud_transfer_total_sec": 0.023478984832763672,
  "checkpoint_tenant_fraud_cpu": 56.552432250434734,
  "checkpoint_tenant_fraud_memory": 0.09663214256904362,
  "checkpoint_tenant_fraud_network": 8.422483194374164,
  "throughput_tenant_clickstream_in": 0.0,
  "throughput_tenant_clickstream_out": 0.9507750156927751,
  "throughput_tenant_clickstream_total": 0.9507750156927751,
  "latency_tenant_clickstream_p50_ms": 0.0,
  "latency_tenant_clickstream_p90_ms": 0.0,
  "latency_tenant_clickstream_p95_ms": 0.0,
  "latency_tenant_clickstream_p99_ms": 0.0,
  "latency_tenant_clickstream_p999_ms": 0.0,
  "migration_tenant_clickstream_downtime_sec": 0.0,
  "migration_tenant_clickstream_transfer_sec": 0.0,
  "migration_tenant_clickstream_downtime_total_sec": 0.0,
  "migration_tenant_clickstream_transfer_total_sec": 0.0,
  "checkpoint_tenant_clickstream_cpu": 0.0696029935389966,
  "checkpoint_tenant_clickstream_memory": 0.00011893186777728443,
  "checkpoint_tenant_clickstream_network": 0.0025343527347263073,
  "throughput_tenant_ml_in": 0.0,
  "throughput_tenant_ml_out": 0.9507750156927751,
  "throughput_tenant_ml_total": 0.9507750156927751,
  "latency_tenant_ml_p50_ms": 0.0,
  "latency_tenant_ml_p90_ms": 0.0,
  "latency_tenant_ml_p95_ms": 0.0,
  "latency_tenant_ml_p99_ms": 0.0,
  "latency_tenant_ml_p999_ms": 0.0,
  "migration_tenant_ml_downtime_sec": 0.0,
  "migration_tenant_ml_transfer_sec": 0.0,
  "migration_tenant_ml_downtime_total_sec": 0.0,
  "migration_tenant_ml_transfer_total_sec": 0.0,
  "checkpoint_tenant_ml_cpu": 0.0696029935389966,
  "checkpoint_tenant_ml_memory": 0.00011893186777728443,
  "checkpoint_tenant_ml_network": 0.002413027337851111,
  "throughput_tenant_iot_in": 0.0,
  "throughput_tenant_iot_out": 0.0,
  "throughput_tenant_iot_total": 0.0,
  "latency_tenant_iot_p50_ms": 0.0,
  "latency_tenant_iot_p90_ms": 0.0,
  "latency_tenant_iot_p95_ms": 0.0,
  "latency_tenant_iot_p99_ms": 0.0,
  "latency_tenant_iot_p999_ms": 0.0,
  "migration_tenant_iot_downtime_sec": 0.0,
  "migration_tenant_iot_transfer_sec": 0.0,
  "migration_tenant_iot_downtime_total_sec": 0.0,
  "migration_tenant_iot_transfer_total_sec": 0.0,
  "checkpoint_tenant_iot_cpu": 0.0,
  "checkpoint_tenant_iot_memory": 0.0,
  "checkpoint_tenant_iot_network": 0.0,
  "messages_in_total": 444416.0,
  "messages_out_total": 286.0,
  "clearing_cycles_total": 271.93442622950823,
  "tenant_backlog_total": 63.103448275862064,
  "tenant_bid_avg": 2.0679,
  "scheduler_mode": 1.0
}