{
  "rue_cluster": 7.8264356629951175,
  "tlvr_cluster": 0.5580419580419581,
  "eei": 0.7923497267759564,
  "fpp": 0.24587962894247173,
  "mis": 33041.654547203965,
  "system_throughput_msgs_per_sec": 747.702586478946,
  "msg_in_rate_total": 733.7418777943369,
  "msg_out_rate_total": 3.28822652757079,
  "bytes_in_rate_total": 564294.924590164,
  "bytes_out_rate_total": 919.5350223546947,
  "clearing_cycles_rate": 0.46736214605067067,
  "checkpoint_cpu_cluster": 61.231061087521404,
  "checkpoint_memory_cluster": 0.10462659852472928,
  "checkpoint_network_cluster": 9.102233280909926,
  "throughput_tenant_fraud_in": 744.9486174679737,
  "throughput_tenant_fraud_out": 0.9179896703240589,
  "throughput_tenant_fraud_total": 745.8666071382978,
  "latency_tenant_fraud_p50_ms": 6882751.678409577,
  "latency_tenant_fraud_p90_ms": 6885344.077690125,
  "latency_tenant_fraud_p95_ms": 6885682.548828126,
  "latency_tenant_fraud_p99_ms": 6885918.485929108,
  "latency_tenant_fraud_p999_ms": 6885972.472303315,
  "migration_tenant_fraud_downtime_sec": 0.0010358047485351564,
  "migration_tenant_fraud_transfer_sec": 0.0009671783447265626,
  "migration_tenant_fraud_downtime_total_sec": 0.024147415161132814,
  "migration_tenant_fraud_transfer_total_sec": 0.021913719177246094,
  "checkpoint_tenant_fraud_cpu": 61.080708574108215,
  "checkpoint_tenant_fraud_memory": 0.10436968852221307,
  "checkpoint_tenant_fraud_network": 9.0968897533481,
  "throughput_tenant_clickstream_in": 0.0,
  "throughput_tenant_clickstream_out": 0.9179896703240589,
  "throughput_tenant_clickstream_total": 0.9179896703240589,
  "latency_tenant_clickstream_p50_ms": 0.0,
  "latency_tenant_clickstream_p90_ms": 0.0,
  "latency_tenant_clickstream_p95_ms": 0.0,
  "latency_tenant_clickstream_p99_ms": 0.0,
  "latency_tenant_clickstream_p999_ms": 0.0,
  "migration_tenant_clickstream_downtime_sec": 0.0,
  "migration_tenant_clickstream_transfer_sec": 0.0,
  "migration_tenant_clickstream_downtime_total_sec": 0.0,
  "migration_tenant_clickstream_transfer_total_sec": 0.0,
  "checkpoint_tenant_clickstream_cpu": 0.07517625670659472,
  "checkpoint_tenant_clickstream_memory": 0.00012845500125810837,
  "checkpoint_tenant_clickstream_network": 0.0027372838736325397,
  "throughput_tenant_ml_in": 0.0,
  "throughput_tenant_ml_out": 0.9179896703240589,
  "throughput_tenant_ml_total": 0.9179896703240589,
  "latency_tenant_ml_p50_ms": 0.0,
  "latency_tenant_ml_p90_ms": 0.0,
  "latency_tenant_ml_p95_ms": 0.0,
  "latency_tenant_ml_p99_ms": 0.0,
  "latency_tenant_ml_p999_ms": 0.0,
  "migration_tenant_ml_downtime_sec": 0.0,
  "migration_tenant_ml_transfer_sec": 0.0,
  "migration_tenant_ml_downtime_total_sec": 0.0,
  "migration_tenant_ml_transfer_total_sec": 0.0,
  "checkpoint_tenant_ml_cpu": 0.07517625670659472,
  "checkpoint_tenant_ml_memory": 0.00012845500125810837,
  "checkpoint_tenant_ml_network": 0.0026062436881926837,
  "throughput_tenant_iot_in": 0.0,
  "throughput_tenant_iot_out": 0.0,
  "throughput_tenant_iot_total": 0.0,
  "latency_tenant_iot_p50_ms": 0.0,
  "latency_tenant_iot_p90_ms": 0.0,
  "latency_tenant_iot_p95_ms": 0.0,
  "latency_tenant_iot_p99_ms": 0.0,
  "latency_tenant_iot_p999_ms": 0.0,
  "migration_tenant_iot_downtime_sec": 0.0,
  "migration_tenant_iot_transfer_sec": 0.0,
  "migration_tenant_iot_downtime_total_sec": 0.0,
  "migration_tenant_iot_transfer_total_sec": 0.0,
  "checkpoint_tenant_iot_cpu": 0.0,
  "checkpoint_tenant_iot_memory": 0.0,
  "checkpoint_tenant_iot_network": 0.0,
  "messages_in_total": 444416.0,
  "messages_out_total": 286.0,
  "clearing_cycles_total": 262.5573770491804,
  "tenant_backlog_total": 61.0,
  "tenant_bid_avg": 2.0679,
  "scheduler_mode": 1.0
}