{
  "rue_cluster": 5.698961454268752,
  "tlvr_cluster": 0.7174825174825175,
  "eei": 0.4952185792349728,
  "fpp": 0.2158796289424717,
  "mis": 42482.12727497652,
  "system_throughput_msgs_per_sec": 600.8324355634387,
  "msg_in_rate_total": 589.6140089418778,
  "msg_out_rate_total": 2.6423248882265273,
  "bytes_in_rate_total": 453451.2786885246,
  "bytes_out_rate_total": 738.9120715350224,
  "clearing_cycles_rate": 0.37555886736214605,
  "checkpoint_cpu_cluster": 44.5865106374896,
  "checkpoint_memory_cluster": 0.07618576038424862,
  "checkpoint_network_cluster": 6.627956690544921,
  "throughput_tenant_fraud_in": 598.6194247510502,
  "throughput_tenant_fraud_out": 0.7376702707961187,
  "throughput_tenant_fraud_total": 599.3570950218464,
  "latency_tenant_fraud_p50_ms": 8849252.15795517,
  "latency_tenant_fraud_p90_ms": 8852585.242744446,
  "latency_tenant_fraud_p95_ms": 8853020.419921875,
  "latency_tenant_fraud_p99_ms": 8853323.767623138,
  "latency_tenant_fraud_p999_ms": 8853393.178675689,
  "migration_tenant_fraud_downtime_sec": 0.0013317489624023438,
  "migration_tenant_fraud_transfer_sec": 0.0012435150146484374,
  "migration_tenant_fraud_downtime_total_sec": 0.031046676635742187,
  "migration_tenant_fraud_transfer_total_sec": 0.028174781799316404,
  "checkpoint_tenant_fraud_cpu": 44.4770287206388,
  "checkpoint_tenant_fraud_memory": 0.07599868669392512,
  "checkpoint_tenant_fraud_network": 6.6240657037770045,
  "throughput_tenant_clickstream_in": 0.0,
  "throughput_tenant_clickstream_out": 0.7376702707961187,
  "throughput_tenant_clickstream_total": 0.7376702707961187,
  "latency_tenant_clickstream_p50_ms": 0.0,
  "latency_tenant_clickstream_p90_ms": 0.0,
  "latency_tenant_clickstream_p95_ms": 0.0,
  "latency_tenant_clickstream_p99_ms": 0.0,
  "latency_tenant_clickstream_p999_ms": 0.0,
  "migration_tenant_clickstream_downtime_sec": 0.0,
  "migration_tenant_clickstream_transfer_sec": 0.0,
  "migration_tenant_clickstream_downtime_total_sec": 0.0,
  "migration_tenant_clickstream_transfer_total_sec": 0.0,
  "checkpoint_tenant_clickstream_cpu": 0.054740958425401595,
  "checkpoint_tenant_clickstream_memory": 9.353684516175397e-05,
  "checkpoint_tenant_clickstream_network": 0.0019932030309763545,
  "throughput_tenant_ml_in": 0.0,
  "throughput_tenant_ml_out": 0.7376702707961187,
  "throughput_tenant_ml_total": 0.7376702707961187,
  "latency_tenant_ml_p50_ms": 0.0,
  "latency_tenant_ml_p90_ms": 0.0,
  "latency_tenant_ml_p95_ms": 0.0,
  "latency_tenant_ml_p99_ms": 0.0,
  "latency_tenant_ml_p999_ms": 0.0,
  "migration_tenant_ml_downtime_sec": 0.0,
  "migration_tenant_ml_transfer_sec": 0.0,
  "migration_tenant_ml_downtime_total_sec": 0.0,
  "migration_tenant_ml_transfer_total_sec": 0.0,
  "checkpoint_tenant_ml_cpu": 0.054740958425401595,
  "checkpoint_tenant_ml_memory": 9.353684516175397e-05,
  "checkpoint_tenant_ml_network": 0.001897783736940252,
  "throughput_tenant_iot_in": 0.0,
  "throughput_tenant_iot_out": 0.0,
  "throughput_tenant_iot_total": 0.0,
  "latency_tenant_iot_p50_ms": 0.0,
  "latency_tenant_iot_p90_ms": 0.0,
  "latency_tenant_iot_p95_ms": 0.0,
  "latency_tenant_iot_p99_ms": 0.0,
  "latency_tenant_iot_p999_ms": 0.0,
  "migration_tenant_iot_downtime_sec": 0.0,
  "migration_tenant_iot_transfer_sec": 0.0,
  "migration_tenant_iot_downtime_total_sec": 0.0,
  "migration_tenant_iot_transfer_total_sec": 0.0,
  "checkpoint_tenant_iot_cpu": 0.0,
  "checkpoint_tenant_iot_memory": 0.0,
  "checkpoint_tenant_iot_network": 0.0,
  "messages_in_total": 444416.0,
  "messages_out_total": 286.0,
  "clearing_cycles_total": 210.98360655737707,
  "tenant_backlog_total": 97.59999999999998,
  "tenant_bid_avg": 2.0679,
  "scheduler_mode": 0.0
}