{
  "rue_cluster": 8.600062647986523,
  "tlvr_cluster": 0.4982517482517482,
  "eei": 0.9666666666666668,
  "fpp": 0.2858796289424717,
  "mis": 29501.47727428925,
  "system_throughput_msgs_per_sec": 814.4617459859946,
  "msg_in_rate_total": 799.2545454545455,
  "msg_out_rate_total": 3.5818181818181816,
  "bytes_in_rate_total": 614678.4,
  "bytes_out_rate_total": 1001.6363636363636,
  "clearing_cycles_rate": 0.509090909090909,
  "checkpoint_cpu_cluster": 67.28362488753297,
  "checkpoint_memory_cluster": 0.11496872148490404,
  "checkpoint_network_cluster": 10.001970222860836,
  "throughput_tenant_fraud_in": 811.461886884757,
  "throughput_tenant_fraud_out": 0.9999530337458497,
  "throughput_tenant_fraud_total": 812.4618399185028,
  "latency_tenant_fraud_p50_ms": 6145313.998579979,
  "latency_tenant_fraud_p90_ms": 6147628.640794754,
  "latency_tenant_fraud_p95_ms": 6147930.847167969,
  "latency_tenant_fraud_p99_ms": 6148141.505293846,
  "latency_tenant_fraud_p999_ms": 6148189.707413673,
  "migration_tenant_fraud_downtime_sec": 0.0009248256683349609,
  "migration_tenant_fraud_transfer_sec": 0.0008635520935058594,
  "migration_tenant_fraud_downtime_total_sec": 0.021560192108154297,
  "migration_tenant_fraud_transfer_total_sec": 0.019565820693969727,
  "checkpoint_tenant_fraud_cpu": 67.11841033900618,
  "checkpoint_tenant_fraud_memory": 0.1146864164597723,
  "checkpoint_tenant_fraud_network": 9.99609849864668,
  "throughput_tenant_clickstream_in": 0.0,
  "throughput_tenant_clickstream_out": 0.9999530337458497,
  "throughput_tenant_clickstream_total": 0.9999530337458497,
  "latency_tenant_clickstream_p50_ms": 0.0,
  "latency_tenant_clickstream_p90_ms": 0.0,
  "latency_tenant_clickstream_p95_ms": 0.0,
  "latency_tenant_clickstream_p99_ms": 0.0,
  "latency_tenant_clickstream_p999_ms": 0.0,
  "migration_tenant_clickstream_downtime_sec": 0.0,
  "migration_tenant_clickstream_transfer_sec": 0.0,
  "migration_tenant_clickstream_downtime_total_sec": 0.0,
  "migration_tenant_clickstream_transfer_total_sec": 0.0,
  "checkpoint_tenant_clickstream_cpu": 0.08260727426339222,
  "checkpoint_tenant_clickstream_memory": 0.00014115251256587358,
  "checkpoint_tenant_clickstream_network": 0.003007858725507516,
  "throughput_tenant_ml_in": 0.0,
  "throughput_tenant_ml_out": 0.9999530337458497,
  "throughput_tenant_ml_total": 0.9999530337458497,
  "latency_tenant_ml_p50_ms": 0.0,
  "latency_tenant_ml_p90_ms": 0.0,
  "latency_tenant_ml_p95_ms": 0.0,
  "latency_tenant_ml_p99_ms": 0.0,
  "latency_tenant_ml_p999_ms": 0.0,
  "migration_tenant_ml_downtime_sec": 0.0,
  "migration_tenant_ml_transfer_sec": 0.0,
  "migration_tenant_ml_downtime_total_sec": 0.0,
  "migration_tenant_ml_transfer_total_sec": 0.0,
  "checkpoint_tenant_ml_cpu": 0.08260727426339222,
  "checkpoint_tenant_ml_memory": 0.00014115251256587358,
  "checkpoint_tenant_ml_network": 0.002863865488648113,
  "throughput_tenant_iot_in": 0.0,
  "throughput_tenant_iot_out": 0.0,
  "throughput_tenant_iot_total": 0.0,
  "latency_tenant_iot_p50_ms": 0.0,
  "latency_tenant_iot_p90_ms": 0.0,
  "latency_tenant_iot_p95_ms": 0.0,
  "latency_tenant_iot_p99_ms": 0.0,
  "latency_tenant_iot_p999_ms": 0.0,
  "migration_tenant_iot_downtime_sec": 0.0,
  "migration_tenant_iot_transfer_sec": 0.0,
  "migration_tenant_iot_downtime_total_sec": 0.0,
  "migration_tenant_iot_transfer_total_sec": 0.0,
  "checkpoint_tenant_iot_cpu": 0.0,
  "checkpoint_tenant_iot_memory": 0.0,
  "checkpoint_tenant_iot_network": 0.0,
  "messages_in_total": 444416.0,
  "messages_out_total": 286.0,
  "clearing_cycles_total": 286.0,
  "tenant_backlog_total": 50.0,
  "tenant_bid_avg": 2.0679,
  "scheduler_mode": 1.0
}