{
  "runs": 2,
  "files": [
    "evaluation/results/raw/exp_20260420_094714/run_01_evaluation_report_20260420_094811.json",
    "evaluation/results/raw/exp_20260420_094714/run_02_evaluation_report_20260420_094858.json"
  ],
  "tenants": {
    "tenant-fraud": {
      "latency": {
        "p50": {
          "mean": 510.3386700153351,
          "std": 0.011809546952752508,
          "ci95": 0.016367197036743164,
          "n": 2
        },
        "p90": {
          "mean": 510.3470206260681,
          "std": 0.0,
          "ci95": 0.0,
          "n": 2
        },
        "p95": {
          "mean": 510.3470206260681,
          "std": 0.0,
          "ci95": 0.0,
          "n": 2
        },
        "p99": {
          "mean": 510.3470206260681,
          "std": 0.0,
          "ci95": 0.0,
          "n": 2
        },
        "mean": {
          "mean": 456.45948050602294,
          "std": 26.07429772811309,
          "ci95": 36.13713296692248,
          "n": 2
        },
        "max": {
          "mean": 510.3470206260681,
          "std": 0.0,
          "ci95": 0.0,
          "n": 2
        }
      },
      "throughput": {
        "avg_throughput": {
          "mean": 1.9882233884072482,
          "std": 0.00018842777326519544,
          "ci95": 0.0002611475702298138,
          "n": 2
        },
        "max_throughput": {
          "mean": 1.9908623478274283,
          "std": 0.0,
          "ci95": 0.0,
          "n": 2
        },
        "min_throughput": {
          "mean": 1.9793275776230443,
          "std": 0.0,
          "ci95": 0.0,
          "n": 2
        },
        "throughput_variance": {
          "mean": 1.1701635660704097e-05,
          "std": 1.726041145684652e-06,
          "ci95": 2.392170981492405e-06,
          "n": 2
        }
      },
      "resource_usage": {
        "cpu_percent": {
          "mean": 0.3317963726343298,
          "std": 0.044213959811869465,
          "ci95": 0.061277421979921476,
          "n": 2
        },
        "memory_percent": {
          "mean": 0.026858213875049324,
          "std": 1.2862538606529455e-06,
          "ci95": 1.7826569013023456e-06,
          "n": 2
        },
        "cpu_peak": {
          "mean": 0.925079802065988,
          "std": 0.305881105028371,
          "ci95": 0.42392958306069556,
          "n": 2
        },
        "memory_peak": {
          "mean": 0.026860770360401447,
          "std": 1.0776721535202345e-06,
          "ci95": 1.493577403794133e-06,
          "n": 2
        }
      }
    },
    "tenant-clickstream": {
      "latency": {},
      "throughput": {
        "avg_throughput": {
          "mean": 1.9882233884072482,
          "std": 0.00018842777326519544,
          "ci95": 0.0002611475702298138,
          "n": 2
        },
        "max_throughput": {
          "mean": 1.9908623478274283,
          "std": 0.0,
          "ci95": 0.0,
          "n": 2
        },
        "min_throughput": {
          "mean": 1.9793275776230443,
          "std": 0.0,
          "ci95": 0.0,
          "n": 2
        },
        "throughput_variance": {
          "mean": 1.1701635660704097e-05,
          "std": 1.726041145684652e-06,
          "ci95": 2.392170981492405e-06,
          "n": 2
        }
      },
      "resource_usage": {
        "cpu_percent": {
          "mean": 0.3317963726343298,
          "std": 0.044213959811869465,
          "ci95": 0.061277421979921476,
          "n": 2
        },
        "memory_percent": {
          "mean": 0.026858213875049324,
          "std": 1.2862538606529455e-06,
          "ci95": 1.7826569013023456e-06,
          "n": 2
        },
        "cpu_peak": {
          "mean": 0.925079802065988,
          "std": 0.305881105028371,
          "ci95": 0.42392958306069556,
          "n": 2
        },
        "memory_peak": {
          "mean": 0.026860770360401447,
          "std": 1.0776721535202345e-06,
          "ci95": 1.493577403794133e-06,
          "n": 2
        }
      }
    },
    "tenant-ml": {
      "latency": {},
      "throughput": {
        "avg_throughput": {
          "mean": 1.9882233884072482,
          "std": 0.00018842777326519544,
          "ci95": 0.0002611475702298138,
          "n": 2
        },
        "max_throughput": {
          "mean": 1.9908623478274283,
          "std": 0.0,
          "ci95": 0.0,
          "n": 2
        },
        "min_throughput": {
          "mean": 1.9793275776230443,
          "std": 0.0,
          "ci95": 0.0,
          "n": 2
        },
        "throughput_variance": {
          "mean": 1.1701635660704097e-05,
          "std": 1.726041145684652e-06,
          "ci95": 2.392170981492405e-06,
          "n": 2
        }
      },
      "resource_usage": {
        "cpu_percent": {
          "mean": 0.3317963726343298,
          "std": 0.044213959811869465,
          "ci95": 0.061277421979921476,
          "n": 2
        },
        "memory_percent": {
          "mean": 0.026858213875049324,
          "std": 1.2862538606529455e-06,
          "ci95": 1.7826569013023456e-06,
          "n": 2
        },
        "cpu_peak": {
          "mean": 0.925079802065988,
          "std": 0.305881105028371,
          "ci95": 0.42392958306069556,
          "n": 2
        },
        "memory_peak": {
          "mean": 0.026860770360401447,
          "std": 1.0776721535202345e-06,
          "ci95": 1.493577403794133e-06,
          "n": 2
        }
      }
    }
  },
  "advanced_kpis": {
    "resource_utilization_efficiency": {
      "mean": 0.07188609207662072,
      "std": 0.0005769691480194719,
      "ci95": 0.000799638442315987,
      "n": 2
    },
    "tail_latency_violation_rate": {
      "mean": 0.07534362803325981,
      "std": 0.046796477967546844,
      "ci95": 0.06485660953673851,
      "n": 2
    },
    "economic_efficiency_index": {
      "mean": 1.0,
      "std": 0.0,
      "ci95": 0.0,
      "n": 2
    },
    "fairness_performance_product": {
      "mean": 0.007741282949307973,
      "std": 1.9600080049203037e-05,
      "ci95": 2.716432504859763e-05,
      "n": 2
    },
    "migration_impact_score": {
      "mean": 22.85263422936456,
      "std": 1.7409553653290037,
      "ci95": 2.4128410353517937,
      "n": 2
    }
  }
}