{
  "latency_p50": 0.00039825122761276535,
  "latency_p90": 0.0006125220986512992,
  "latency_p95": 0.0006206140431073996,
  "latency_p99": 0.0006277694831444667,
  "latency_p999": 0.0006300627608482654,
  "throughput": 7.791233740628031,
  "rue": 0.07530548181189571,
  "eei": 0.3821912701124039,
  "fpp": 0.007495079108697272,
  "mis": 0.7938791221042849,
  "tlvr": 0.0
}