{
  "latency_p50": 0.0003772870459646549,
  "latency_p90": 0.0005397205523724826,
  "latency_p95": 0.0005772696735723964,
  "latency_p99": 0.0005838532068144599,
  "latency_p999": 0.0005858835660691533,
  "throughput": 7.791502359308259,
  "rue": 0.28917502533118855,
  "eei": 0.9465408805031446,
  "fpp": 0.007195108213377894,
  "mis": 0.6863892292076685,
  "tlvr": 0.0
}