{
  "latency_p50": 0.0003795305765592135,
  "latency_p90": 0.0005528052499661079,
  "latency_p95": 0.0005769845141814305,
  "latency_p99": 0.0005840782441084201,
  "latency_p999": 0.0005854586178660393,
  "throughput": 7.743472197328891,
  "rue": 0.13600572586020884,
  "eei": 0.5915903540903541,
  "fpp": 0.007370339901372293,
  "mis": 0.7073014205464949,
  "tlvr": 0.0
}