{
  "latency_p50": 0.0018081726204265249,
  "latency_p90": 0.003263494557467374,
  "latency_p95": 0.003447880878231742,
  "latency_p99": 0.0035793858189149333,
  "latency_p999": 0.0036049324656703256,
  "throughput": 75.87311509922779,
  "rue": 0.8466695240778415,
  "eei": 0.9905660377358491,
  "fpp": 0.02866811612676451,
  "mis": 4.811195910801678,
  "tlvr": 0.1408839779005525
}