{
  "latency_p50": 0.0004431568430020259,
  "latency_p90": 0.0006935278929196871,
  "latency_p95": 0.0007119472930064569,
  "latency_p99": 0.0007227478004418887,
  "latency_p999": 0.0007258059754738441,
  "throughput": 7.745148090407741,
  "rue": 0.06103031321979177,
  "eei": 0.1895037424449189,
  "fpp": 0.007559390473605281,
  "mis": 0.918157587830837,
  "tlvr": 0.0
}