{
  "latency_p50": 9178528.192117529,
  "latency_p90": 9179170.544454286,
  "latency_p95": 9179202.290239649,
  "latency_p99": 9179244.353100128,
  "latency_p999": 9179246.98704513,
  "throughput": 2172.7362588635187,
  "rue": 7.500849620477943,
  "eei": 0.710691823899371,
  "fpp": 0.41817246484921383,
  "mis": 45852.92800151773,
  "tlvr": 0.43628037152134774
}