{
  "latency_p50": 9215088.719191374,
  "latency_p90": 9216833.87784384,
  "latency_p95": 9216866.570416203,
  "latency_p99": 9216877.066369895,
  "latency_p999": 9216879.541691493,
  "throughput": 2106.9334885576322,
  "rue": 7.131907283836001,
  "eei": 0.06666666666666667,
  "fpp": 0.8661338661338659,
  "mis": 46010.10502602756,
  "tlvr": 0.4346137059100022
}