{
  "streambazaar": {
    "latency_p50": 9.086248932381846,
    "latency_p90": 9.088539867538776,
    "latency_p95": 9.088821490237173,
    "latency_p99": 9.089063178504638,
    "latency_p999": 9.089116401630797,
    "throughput": 745.7906064941673,
    "rue": 8.123604252073147,
    "eei": 0.9666666666666667,
    "fpp": 0.2617757591490365,
    "mis": 45350.653738792214,
    "tlvr": 0.44016911891495686
  },
  "talos": {
    "latency_p50": 9.138808755220108,
    "latency_p90": 9.140447616561854,
    "latency_p95": 9.14047756814102,
    "latency_p99": 9.140491443221524,
    "latency_p999": 9.140494201386943,
    "throughput": 2096.038905490578,
    "rue": 7.280193100319808,
    "eei": 0.06666666666666667,
    "fpp": 0.8661338661338659,
    "mis": 45640.02790417356,
    "tlvr": 0.4361067871681079
  },
  "ds2": {
    "latency_p50": 9.178528192117529,
    "latency_p90": 9.179170544454287,
    "latency_p95": 9.17920229023965,
    "latency_p99": 9.179244353100128,
    "latency_p999": 9.179246987045131,
    "throughput": 2172.7362588635187,
    "rue": 7.500849620477943,
    "eei": 0.710691823899371,
    "fpp": 0.41817246484921383,
    "mis": 45852.92800151773,
    "tlvr": 0.43628037152134774
  },
  "flink_default": {
    "latency_p50": 9.215088719191375,
    "latency_p90": 9.21683387784384,
    "latency_p95": 9.216866570416203,
    "latency_p99": 9.216877066369895,
    "latency_p999": 9.216879541691494,
    "throughput": 2106.9334885576322,
    "rue": 7.131907283836001,
    "eei": 0.06666666666666667,
    "fpp": 0.8661338661338659,
    "mis": 46010.10502602756,
    "tlvr": 0.4346137059100022
  }
}