{
  "latency_p50": 9086248.932381846,
  "latency_p90": 9088539.867538776,
  "latency_p95": 9088821.490237173,
  "latency_p99": 9089063.178504638,
  "latency_p999": 9089116.401630798,
  "throughput": 745.7906064941673,
  "rue": 8.123604252073147,
  "eei": 0.9666666666666667,
  "fpp": 0.2617757591490365,
  "mis": 45350.653738792214,
  "tlvr": 0.44016911891495686
}