{
  "latency_p50": 9138808.755220108,
  "latency_p90": 9140447.616561854,
  "latency_p95": 9140477.568141019,
  "latency_p99": 9140491.443221524,
  "latency_p999": 9140494.201386942,
  "throughput": 2096.038905490578,
  "rue": 7.280193100319808,
  "eei": 0.06666666666666667,
  "fpp": 0.8661338661338659,
  "mis": 45640.02790417356,
  "tlvr": 0.4361067871681079
}